<?xml version="1.0" encoding="UTF-8"?>
<org.fordiac.ide.model.ui:UIFBNetwork xmi:version="2.0" xmlns:xmi="http://www.omg.org/XMI" xmlns:xsi="http://www.w3.org/2001/XMLSchema-instance" xmlns:libraryElement="org.fordiac.ide.model.libraryElement" xmlns:org.fordiac.ide.model.ui="org.fordiac.ide.model.ui">
  <children xsi:type="org.fordiac.ide.model.ui:FBView" fb="//@fbNetwork/@fBs.0">
    <position x="570" y="152"/>
    <backgroundColor red="192" green="192" blue="192"/>
    <interfaceElements iInterfaceElement="//@fbNetwork/@fBs.0/@interface/@eventInputs.0" inConnections="//@connections.4" fbNetwork="//@fbNetwork">
      <mappedInterfaceElement href="SysConf.xml#//@children.1/@resourceContainerView/@resources.0/@uIResourceDiagram/@children.1/@interfaceElements.0"/>
    </interfaceElements>
    <interfaceElements iInterfaceElement="//@fbNetwork/@fBs.0/@interface/@eventInputs.1" inConnections="//@connections.5" fbNetwork="//@fbNetwork">
      <mappedInterfaceElement href="SysConf.xml#//@children.1/@resourceContainerView/@resources.0/@uIResourceDiagram/@children.1/@interfaceElements.1"/>
    </interfaceElements>
    <interfaceElements iInterfaceElement="//@fbNetwork/@fBs.0/@interface/@inputVars.0" inConnections="//@connections.8" fbNetwork="//@fbNetwork">
      <mappedInterfaceElement href="SysConf.xml#//@children.1/@resourceContainerView/@resources.0/@uIResourceDiagram/@children.1/@interfaceElements.2"/>
    </interfaceElements>
    <interfaceElements iInterfaceElement="//@fbNetwork/@fBs.0/@interface/@inputVars.1" inConnections="//@connections.7" fbNetwork="//@fbNetwork">
      <mappedInterfaceElement href="SysConf.xml#//@children.1/@resourceContainerView/@resources.0/@uIResourceDiagram/@children.1/@interfaceElements.3"/>
    </interfaceElements>
    <interfaceElements iInterfaceElement="//@fbNetwork/@fBs.0/@interface/@eventOutputs.0" outConnections="//@connections.6" fbNetwork="//@fbNetwork">
      <mappedInterfaceElement href="SysConf.xml#//@children.1/@resourceContainerView/@resources.0/@uIResourceDiagram/@children.1/@interfaceElements.4"/>
    </interfaceElements>
    <interfaceElements iInterfaceElement="//@fbNetwork/@fBs.0/@interface/@eventOutputs.1" outConnections="//@connections.15" fbNetwork="//@fbNetwork">
      <mappedInterfaceElement href="SysConf.xml#//@children.1/@resourceContainerView/@resources.0/@uIResourceDiagram/@children.1/@interfaceElements.5"/>
    </interfaceElements>
    <interfaceElements iInterfaceElement="//@fbNetwork/@fBs.0/@interface/@outputVars.0" outConnections="//@connections.9" fbNetwork="//@fbNetwork">
      <mappedInterfaceElement href="SysConf.xml#//@children.1/@resourceContainerView/@resources.0/@uIResourceDiagram/@children.1/@interfaceElements.6"/>
    </interfaceElements>
    <interfaceElements iInterfaceElement="//@fbNetwork/@fBs.0/@interface/@outputVars.1" outConnections="//@connections.10" fbNetwork="//@fbNetwork">
      <mappedInterfaceElement href="SysConf.xml#//@children.1/@resourceContainerView/@resources.0/@uIResourceDiagram/@children.1/@interfaceElements.7"/>
    </interfaceElements>
    <mappedFB href="SysConf.xml#//@children.1/@resourceContainerView/@resources.0/@uIResourceDiagram/@children.1"/>
  </children>
  <children xsi:type="org.fordiac.ide.model.ui:FBView" fb="//@fbNetwork/@fBs.1">
    <position x="95" y="171"/>
    <backgroundColor red="192" green="192" blue="192"/>
    <interfaceElements iInterfaceElement="//@fbNetwork/@fBs.1/@interface/@eventInputs.0" fbNetwork="//@fbNetwork">
      <mappedInterfaceElement href="SysConf.xml#//@children.1/@resourceContainerView/@resources.0/@uIResourceDiagram/@children.3/@interfaceElements.0"/>
    </interfaceElements>
    <interfaceElements iInterfaceElement="//@fbNetwork/@fBs.1/@interface/@eventInputs.1" fbNetwork="//@fbNetwork">
      <mappedInterfaceElement href="SysConf.xml#//@children.1/@resourceContainerView/@resources.0/@uIResourceDiagram/@children.3/@interfaceElements.1"/>
    </interfaceElements>
    <interfaceElements iInterfaceElement="//@fbNetwork/@fBs.1/@interface/@inputVars.0" fbNetwork="//@fbNetwork">
      <mappedInterfaceElement href="SysConf.xml#//@children.1/@resourceContainerView/@resources.0/@uIResourceDiagram/@children.3/@interfaceElements.2"/>
    </interfaceElements>
    <interfaceElements iInterfaceElement="//@fbNetwork/@fBs.1/@interface/@inputVars.1" fbNetwork="//@fbNetwork">
      <mappedInterfaceElement href="SysConf.xml#//@children.1/@resourceContainerView/@resources.0/@uIResourceDiagram/@children.3/@interfaceElements.3"/>
    </interfaceElements>
    <interfaceElements iInterfaceElement="//@fbNetwork/@fBs.1/@interface/@eventOutputs.0" outConnections="//@connections.0" fbNetwork="//@fbNetwork">
      <mappedInterfaceElement href="SysConf.xml#//@children.1/@resourceContainerView/@resources.0/@uIResourceDiagram/@children.3/@interfaceElements.4"/>
    </interfaceElements>
    <interfaceElements iInterfaceElement="//@fbNetwork/@fBs.1/@interface/@eventOutputs.1" outConnections="//@connections.1" fbNetwork="//@fbNetwork">
      <mappedInterfaceElement href="SysConf.xml#//@children.1/@resourceContainerView/@resources.0/@uIResourceDiagram/@children.3/@interfaceElements.5"/>
    </interfaceElements>
    <interfaceElements iInterfaceElement="//@fbNetwork/@fBs.1/@interface/@outputVars.0" outConnections="//@connections.2" fbNetwork="//@fbNetwork">
      <mappedInterfaceElement href="SysConf.xml#//@children.1/@resourceContainerView/@resources.0/@uIResourceDiagram/@children.3/@interfaceElements.6"/>
    </interfaceElements>
    <interfaceElements iInterfaceElement="//@fbNetwork/@fBs.1/@interface/@outputVars.1" fbNetwork="//@fbNetwork">
      <mappedInterfaceElement href="SysConf.xml#//@children.1/@resourceContainerView/@resources.0/@uIResourceDiagram/@children.3/@interfaceElements.7"/>
    </interfaceElements>
    <interfaceElements iInterfaceElement="//@fbNetwork/@fBs.1/@interface/@outputVars.2" outConnections="//@connections.3" fbNetwork="//@fbNetwork">
      <mappedInterfaceElement href="SysConf.xml#//@children.1/@resourceContainerView/@resources.0/@uIResourceDiagram/@children.3/@interfaceElements.8"/>
    </interfaceElements>
    <mappedFB href="SysConf.xml#//@children.1/@resourceContainerView/@resources.0/@uIResourceDiagram/@children.3"/>
  </children>
  <children xsi:type="org.fordiac.ide.model.ui:FBView" fb="//@fbNetwork/@fBs.2">
    <position x="912" y="304"/>
    <backgroundColor red="192" green="192" blue="192"/>
    <interfaceElements iInterfaceElement="//@fbNetwork/@fBs.2/@interface/@eventInputs.0" inConnections="//@connections.11" fbNetwork="//@fbNetwork">
      <mappedInterfaceElement href="SysConf.xml#//@children.1/@resourceContainerView/@resources.0/@uIResourceDiagram/@children.2/@interfaceElements.0"/>
    </interfaceElements>
    <interfaceElements iInterfaceElement="//@fbNetwork/@fBs.2/@interface/@eventInputs.1" inConnections="//@connections.12" fbNetwork="//@fbNetwork">
      <mappedInterfaceElement href="SysConf.xml#//@children.1/@resourceContainerView/@resources.0/@uIResourceDiagram/@children.2/@interfaceElements.1"/>
    </interfaceElements>
    <interfaceElements iInterfaceElement="//@fbNetwork/@fBs.2/@interface/@inputVars.0" inConnections="//@connections.13" fbNetwork="//@fbNetwork">
      <mappedInterfaceElement href="SysConf.xml#//@children.1/@resourceContainerView/@resources.0/@uIResourceDiagram/@children.2/@interfaceElements.2"/>
    </interfaceElements>
    <interfaceElements iInterfaceElement="//@fbNetwork/@fBs.2/@interface/@inputVars.1" fbNetwork="//@fbNetwork">
      <mappedInterfaceElement href="SysConf.xml#//@children.1/@resourceContainerView/@resources.0/@uIResourceDiagram/@children.2/@interfaceElements.3"/>
    </interfaceElements>
    <interfaceElements iInterfaceElement="//@fbNetwork/@fBs.2/@interface/@inputVars.2" inConnections="//@connections.14" fbNetwork="//@fbNetwork">
      <mappedInterfaceElement href="SysConf.xml#//@children.1/@resourceContainerView/@resources.0/@uIResourceDiagram/@children.2/@interfaceElements.4"/>
    </interfaceElements>
    <interfaceElements iInterfaceElement="//@fbNetwork/@fBs.2/@interface/@eventOutputs.0" fbNetwork="//@fbNetwork">
      <mappedInterfaceElement href="SysConf.xml#//@children.1/@resourceContainerView/@resources.0/@uIResourceDiagram/@children.2/@interfaceElements.5"/>
    </interfaceElements>
    <interfaceElements iInterfaceElement="//@fbNetwork/@fBs.2/@interface/@eventOutputs.1" fbNetwork="//@fbNetwork">
      <mappedInterfaceElement href="SysConf.xml#//@children.1/@resourceContainerView/@resources.0/@uIResourceDiagram/@children.2/@interfaceElements.6"/>
    </interfaceElements>
    <interfaceElements iInterfaceElement="//@fbNetwork/@fBs.2/@interface/@outputVars.0" fbNetwork="//@fbNetwork">
      <mappedInterfaceElement href="SysConf.xml#//@children.1/@resourceContainerView/@resources.0/@uIResourceDiagram/@children.2/@interfaceElements.7"/>
    </interfaceElements>
    <interfaceElements iInterfaceElement="//@fbNetwork/@fBs.2/@interface/@outputVars.1" fbNetwork="//@fbNetwork">
      <mappedInterfaceElement href="SysConf.xml#//@children.1/@resourceContainerView/@resources.0/@uIResourceDiagram/@children.2/@interfaceElements.8"/>
    </interfaceElements>
    <mappedFB href="SysConf.xml#//@children.1/@resourceContainerView/@resources.0/@uIResourceDiagram/@children.2"/>
  </children>
  <children xsi:type="org.fordiac.ide.model.ui:FBView" fb="//@fbNetwork/@fBs.3">
    <position x="741" y="152"/>
    <backgroundColor red="192" green="192" blue="192"/>
    <interfaceElements iInterfaceElement="//@fbNetwork/@fBs.3/@interface/@eventInputs.0" inConnections="//@connections.6" fbNetwork="//@fbNetwork">
      <mappedInterfaceElement href="SysConf.xml#//@children.1/@resourceContainerView/@resources.0/@uIResourceDiagram/@children.5/@interfaceElements.0"/>
    </interfaceElements>
    <interfaceElements iInterfaceElement="//@fbNetwork/@fBs.3/@interface/@eventInputs.1" inConnections="//@connections.15" fbNetwork="//@fbNetwork">
      <mappedInterfaceElement href="SysConf.xml#//@children.1/@resourceContainerView/@resources.0/@uIResourceDiagram/@children.5/@interfaceElements.1"/>
    </interfaceElements>
    <interfaceElements iInterfaceElement="//@fbNetwork/@fBs.3/@interface/@inputVars.0" inConnections="//@connections.9" fbNetwork="//@fbNetwork">
      <mappedInterfaceElement href="SysConf.xml#//@children.1/@resourceContainerView/@resources.0/@uIResourceDiagram/@children.5/@interfaceElements.2"/>
    </interfaceElements>
    <interfaceElements iInterfaceElement="//@fbNetwork/@fBs.3/@interface/@inputVars.1" inConnections="//@connections.10" fbNetwork="//@fbNetwork">
      <mappedInterfaceElement href="SysConf.xml#//@children.1/@resourceContainerView/@resources.0/@uIResourceDiagram/@children.5/@interfaceElements.3"/>
    </interfaceElements>
    <interfaceElements iInterfaceElement="//@fbNetwork/@fBs.3/@interface/@eventOutputs.0" outConnections="//@connections.11" fbNetwork="//@fbNetwork">
      <mappedInterfaceElement href="SysConf.xml#//@children.1/@resourceContainerView/@resources.0/@uIResourceDiagram/@children.5/@interfaceElements.4"/>
    </interfaceElements>
    <interfaceElements iInterfaceElement="//@fbNetwork/@fBs.3/@interface/@eventOutputs.1" outConnections="//@connections.12" fbNetwork="//@fbNetwork">
      <mappedInterfaceElement href="SysConf.xml#//@children.1/@resourceContainerView/@resources.0/@uIResourceDiagram/@children.5/@interfaceElements.5"/>
    </interfaceElements>
    <interfaceElements iInterfaceElement="//@fbNetwork/@fBs.3/@interface/@outputVars.0" outConnections="//@connections.13" fbNetwork="//@fbNetwork">
      <mappedInterfaceElement href="SysConf.xml#//@children.1/@resourceContainerView/@resources.0/@uIResourceDiagram/@children.5/@interfaceElements.6"/>
    </interfaceElements>
    <interfaceElements iInterfaceElement="//@fbNetwork/@fBs.3/@interface/@outputVars.1" outConnections="//@connections.14" fbNetwork="//@fbNetwork">
      <mappedInterfaceElement href="SysConf.xml#//@children.1/@resourceContainerView/@resources.0/@uIResourceDiagram/@children.5/@interfaceElements.7"/>
    </interfaceElements>
    <mappedFB href="SysConf.xml#//@children.1/@resourceContainerView/@resources.0/@uIResourceDiagram/@children.5"/>
  </children>
  <children xsi:type="org.fordiac.ide.model.ui:FBView" fb="//@fbNetwork/@fBs.4">
    <position x="342" y="152"/>
    <backgroundColor red="192" green="192" blue="192"/>
    <interfaceElements iInterfaceElement="//@fbNetwork/@fBs.4/@interface/@eventInputs.0" inConnections="//@connections.0" fbNetwork="//@fbNetwork">
      <mappedInterfaceElement href="SysConf.xml#//@children.1/@resourceContainerView/@resources.0/@uIResourceDiagram/@children.4/@interfaceElements.0"/>
    </interfaceElements>
    <interfaceElements iInterfaceElement="//@fbNetwork/@fBs.4/@interface/@eventInputs.1" inConnections="//@connections.1" fbNetwork="//@fbNetwork">
      <mappedInterfaceElement href="SysConf.xml#//@children.1/@resourceContainerView/@resources.0/@uIResourceDiagram/@children.4/@interfaceElements.1"/>
    </interfaceElements>
    <interfaceElements iInterfaceElement="//@fbNetwork/@fBs.4/@interface/@inputVars.0" inConnections="//@connections.2" fbNetwork="//@fbNetwork">
      <mappedInterfaceElement href="SysConf.xml#//@children.1/@resourceContainerView/@resources.0/@uIResourceDiagram/@children.4/@interfaceElements.2"/>
    </interfaceElements>
    <interfaceElements iInterfaceElement="//@fbNetwork/@fBs.4/@interface/@inputVars.1" inConnections="//@connections.3" fbNetwork="//@fbNetwork">
      <mappedInterfaceElement href="SysConf.xml#//@children.1/@resourceContainerView/@resources.0/@uIResourceDiagram/@children.4/@interfaceElements.3"/>
    </interfaceElements>
    <interfaceElements iInterfaceElement="//@fbNetwork/@fBs.4/@interface/@eventOutputs.0" outConnections="//@connections.4" fbNetwork="//@fbNetwork">
      <mappedInterfaceElement href="SysConf.xml#//@children.1/@resourceContainerView/@resources.0/@uIResourceDiagram/@children.4/@interfaceElements.4"/>
    </interfaceElements>
    <interfaceElements iInterfaceElement="//@fbNetwork/@fBs.4/@interface/@eventOutputs.1" outConnections="//@connections.5" fbNetwork="//@fbNetwork">
      <mappedInterfaceElement href="SysConf.xml#//@children.1/@resourceContainerView/@resources.0/@uIResourceDiagram/@children.4/@interfaceElements.5"/>
    </interfaceElements>
    <interfaceElements iInterfaceElement="//@fbNetwork/@fBs.4/@interface/@outputVars.0" outConnections="//@connections.8" fbNetwork="//@fbNetwork">
      <mappedInterfaceElement href="SysConf.xml#//@children.1/@resourceContainerView/@resources.0/@uIResourceDiagram/@children.4/@interfaceElements.6"/>
    </interfaceElements>
    <interfaceElements iInterfaceElement="//@fbNetwork/@fBs.4/@interface/@outputVars.1" outConnections="//@connections.7" fbNetwork="//@fbNetwork">
      <mappedInterfaceElement href="SysConf.xml#//@children.1/@resourceContainerView/@resources.0/@uIResourceDiagram/@children.4/@interfaceElements.7"/>
    </interfaceElements>
    <interfaceElements iInterfaceElement="//@fbNetwork/@fBs.4/@interface/@outputVars.2" fbNetwork="//@fbNetwork">
      <mappedInterfaceElement href="SysConf.xml#//@children.1/@resourceContainerView/@resources.0/@uIResourceDiagram/@children.4/@interfaceElements.8"/>
    </interfaceElements>
    <mappedFB href="SysConf.xml#//@children.1/@resourceContainerView/@resources.0/@uIResourceDiagram/@children.4"/>
  </children>
  <connections xsi:type="org.fordiac.ide.model.ui:ConnectionView" source="//@children.1/@interfaceElements.4" destination="//@children.4/@interfaceElements.0">
    <connectionElement xsi:type="libraryElement:EventConnection" href="SysConf.xml#//@systemConfigNetwork/@devices.0/@resource.0/@fBNetwork/@eventConnections.0"/>
  </connections>
  <connections xsi:type="org.fordiac.ide.model.ui:ConnectionView" source="//@children.1/@interfaceElements.5" destination="//@children.4/@interfaceElements.1">
    <connectionElement xsi:type="libraryElement:EventConnection" href="SysConf.xml#//@systemConfigNetwork/@devices.0/@resource.0/@fBNetwork/@eventConnections.1"/>
  </connections>
  <connections xsi:type="org.fordiac.ide.model.ui:ConnectionView" source="//@children.1/@interfaceElements.6" destination="//@children.4/@interfaceElements.2">
    <connectionElement xsi:type="libraryElement:DataConnection" href="SysConf.xml#//@systemConfigNetwork/@devices.0/@resource.0/@fBNetwork/@dataConnections.0"/>
  </connections>
  <connections xsi:type="org.fordiac.ide.model.ui:ConnectionView" source="//@children.1/@interfaceElements.8" destination="//@children.4/@interfaceElements.3">
    <connectionElement xsi:type="libraryElement:DataConnection" href="SysConf.xml#//@systemConfigNetwork/@devices.0/@resource.0/@fBNetwork/@dataConnections.1"/>
  </connections>
  <connections xsi:type="org.fordiac.ide.model.ui:ConnectionView" source="//@children.4/@interfaceElements.4" destination="//@children.0/@interfaceElements.0">
    <connectionElement xsi:type="libraryElement:EventConnection" href="SysConf.xml#//@systemConfigNetwork/@devices.0/@resource.0/@fBNetwork/@eventConnections.2"/>
  </connections>
  <connections xsi:type="org.fordiac.ide.model.ui:ConnectionView" source="//@children.4/@interfaceElements.5" destination="//@children.0/@interfaceElements.1">
    <connectionElement xsi:type="libraryElement:EventConnection" href="SysConf.xml#//@systemConfigNetwork/@devices.0/@resource.0/@fBNetwork/@eventConnections.3"/>
  </connections>
  <connections xsi:type="org.fordiac.ide.model.ui:ConnectionView" source="//@children.0/@interfaceElements.4" destination="//@children.3/@interfaceElements.0">
    <connectionElement xsi:type="libraryElement:EventConnection" href="SysConf.xml#//@systemConfigNetwork/@devices.0/@resource.0/@fBNetwork/@eventConnections.4"/>
  </connections>
  <connections xsi:type="org.fordiac.ide.model.ui:ConnectionView" source="//@children.4/@interfaceElements.7" destination="//@children.0/@interfaceElements.3">
    <connectionElement xsi:type="libraryElement:DataConnection" href="SysConf.xml#//@systemConfigNetwork/@devices.0/@resource.0/@fBNetwork/@dataConnections.2"/>
  </connections>
  <connections xsi:type="org.fordiac.ide.model.ui:ConnectionView" source="//@children.4/@interfaceElements.6" destination="//@children.0/@interfaceElements.2">
    <connectionElement xsi:type="libraryElement:DataConnection" href="SysConf.xml#//@systemConfigNetwork/@devices.0/@resource.0/@fBNetwork/@dataConnections.3"/>
  </connections>
  <connections xsi:type="org.fordiac.ide.model.ui:ConnectionView" source="//@children.0/@interfaceElements.6" destination="//@children.3/@interfaceElements.2">
    <connectionElement xsi:type="libraryElement:DataConnection" href="SysConf.xml#//@systemConfigNetwork/@devices.0/@resource.0/@fBNetwork/@dataConnections.4"/>
  </connections>
  <connections xsi:type="org.fordiac.ide.model.ui:ConnectionView" source="//@children.0/@interfaceElements.7" destination="//@children.3/@interfaceElements.3">
    <connectionElement xsi:type="libraryElement:DataConnection" href="SysConf.xml#//@systemConfigNetwork/@devices.0/@resource.0/@fBNetwork/@dataConnections.5"/>
  </connections>
  <connections xsi:type="org.fordiac.ide.model.ui:ConnectionView" source="//@children.3/@interfaceElements.4" destination="//@children.2/@interfaceElements.0">
    <connectionElement xsi:type="libraryElement:EventConnection" href="SysConf.xml#//@systemConfigNetwork/@devices.0/@resource.0/@fBNetwork/@eventConnections.5"/>
  </connections>
  <connections xsi:type="org.fordiac.ide.model.ui:ConnectionView" source="//@children.3/@interfaceElements.5" destination="//@children.2/@interfaceElements.1">
    <connectionElement xsi:type="libraryElement:EventConnection" href="SysConf.xml#//@systemConfigNetwork/@devices.0/@resource.0/@fBNetwork/@eventConnections.6"/>
  </connections>
  <connections xsi:type="org.fordiac.ide.model.ui:ConnectionView" source="//@children.3/@interfaceElements.6" destination="//@children.2/@interfaceElements.2">
    <connectionElement xsi:type="libraryElement:DataConnection" href="SysConf.xml#//@systemConfigNetwork/@devices.0/@resource.0/@fBNetwork/@dataConnections.6"/>
  </connections>
  <connections xsi:type="org.fordiac.ide.model.ui:ConnectionView" source="//@children.3/@interfaceElements.7" destination="//@children.2/@interfaceElements.4">
    <connectionElement xsi:type="libraryElement:DataConnection" href="SysConf.xml#//@systemConfigNetwork/@devices.0/@resource.0/@fBNetwork/@dataConnections.7"/>
  </connections>
  <connections xsi:type="org.fordiac.ide.model.ui:ConnectionView" source="//@children.0/@interfaceElements.5" destination="//@children.3/@interfaceElements.1">
    <connectionElement xsi:type="libraryElement:EventConnection" href="SysConf.xml#//@systemConfigNetwork/@devices.0/@resource.0/@fBNetwork/@eventConnections.7"/>
  </connections>
  <fbNetwork>
    <fBs name="openCom" identifier="true" id="_ad2XECBcEeiMAviZgQUrBQ" fbtPath="nutrunner\openCom.fbt">
      <interface>
        <eventInputs name="INIT" comment="Initialization Request" isInput="true">
          <with variables="//@fbNetwork/@fBs.0/@interface/@inputVars.0"/>
          <with variables="//@fbNetwork/@fBs.0/@interface/@inputVars.1"/>
          <inputConnections href="SysConf.xml#//@systemConfigNetwork/@devices.0/@resource.0/@fBNetwork/@eventConnections.2"/>
        </eventInputs>
        <eventInputs name="REQ" comment="Normal Execution Request" isInput="true">
          <with variables="//@fbNetwork/@fBs.0/@interface/@inputVars.0"/>
          <inputConnections href="SysConf.xml#//@systemConfigNetwork/@devices.0/@resource.0/@fBNetwork/@eventConnections.3"/>
        </eventInputs>
        <eventOutputs name="INITO" comment="Initialization Confirm">
          <with variables="//@fbNetwork/@fBs.0/@interface/@outputVars.0"/>
          <outputConnections href="SysConf.xml#//@systemConfigNetwork/@devices.0/@resource.0/@fBNetwork/@eventConnections.4"/>
        </eventOutputs>
        <eventOutputs name="CNF" comment="Execution Confirmation">
          <with variables="//@fbNetwork/@fBs.0/@interface/@outputVars.0"/>
          <with variables="//@fbNetwork/@fBs.0/@interface/@outputVars.1"/>
          <outputConnections href="SysConf.xml#//@systemConfigNetwork/@devices.0/@resource.0/@fBNetwork/@eventConnections.7"/>
        </eventOutputs>
        <inputVars name="QI" comment="Input event qualifier" isInput="true" arraySize="-1" typeName="BOOL" withs="//@fbNetwork/@fBs.0/@interface/@eventInputs.0/@with.0 //@fbNetwork/@fBs.0/@interface/@eventInputs.1/@with.0">
          <value/>
          <inputConnections href="SysConf.xml#//@systemConfigNetwork/@devices.0/@resource.0/@fBNetwork/@dataConnections.3"/>
        </inputVars>
        <inputVars name="SYSXjob" isInput="true" typeName="STRING" withs="//@fbNetwork/@fBs.0/@interface/@eventInputs.0/@with.1">
          <value/>
          <inputConnections href="SysConf.xml#//@systemConfigNetwork/@devices.0/@resource.0/@fBNetwork/@dataConnections.2"/>
        </inputVars>
        <outputVars name="QO" comment="Output event qualifier" arraySize="-1" typeName="BOOL" withs="//@fbNetwork/@fBs.0/@interface/@eventOutputs.0/@with.0 //@fbNetwork/@fBs.0/@interface/@eventOutputs.1/@with.0">
          <outputConnections href="SysConf.xml#//@systemConfigNetwork/@devices.0/@resource.0/@fBNetwork/@dataConnections.4"/>
        </outputVars>
        <outputVars name="NRjob" typeName="STRING" withs="//@fbNetwork/@fBs.0/@interface/@eventOutputs.1/@with.1">
          <outputConnections href="SysConf.xml#//@systemConfigNetwork/@devices.0/@resource.0/@fBNetwork/@dataConnections.5"/>
        </outputVars>
      </interface>
      <position x="570" y="152"/>
      <resource href="SysConf.xml#//@systemConfigNetwork/@devices.0/@resource.0/@fBNetwork"/>
    </fBs>
    <fBs name="SUBSCRIBE_1" identifier="true" id="_krwDYCKqEei9L9QDufBBLg" fbtPath="net\SUBSCRIBE_1.fbt">
      <interface>
        <eventInputs name="INIT" comment="Service Initialization" isInput="true">
          <with variables="//@fbNetwork/@fBs.1/@interface/@inputVars.0"/>
          <with variables="//@fbNetwork/@fBs.1/@interface/@inputVars.1"/>
        </eventInputs>
        <eventInputs name="RSP" comment="Service Response" isInput="true">
          <with variables="//@fbNetwork/@fBs.1/@interface/@inputVars.0"/>
        </eventInputs>
        <eventOutputs name="INITO" comment="Initialization Confirm">
          <with variables="//@fbNetwork/@fBs.1/@interface/@outputVars.0"/>
          <with variables="//@fbNetwork/@fBs.1/@interface/@outputVars.1"/>
          <outputConnections href="SysConf.xml#//@systemConfigNetwork/@devices.0/@resource.0/@fBNetwork/@eventConnections.0"/>
        </eventOutputs>
        <eventOutputs name="IND" comment="Service Indication">
          <with variables="//@fbNetwork/@fBs.1/@interface/@outputVars.0"/>
          <with variables="//@fbNetwork/@fBs.1/@interface/@outputVars.1"/>
          <with variables="//@fbNetwork/@fBs.1/@interface/@outputVars.2"/>
          <outputConnections href="SysConf.xml#//@systemConfigNetwork/@devices.0/@resource.0/@fBNetwork/@eventConnections.1"/>
        </eventOutputs>
        <inputVars name="QI" comment="Event Input Qualifier" isInput="true" arraySize="-1" typeName="BOOL" withs="//@fbNetwork/@fBs.1/@interface/@eventInputs.0/@with.0 //@fbNetwork/@fBs.1/@interface/@eventInputs.1/@with.0">
          <value value="TRUE"/>
        </inputVars>
        <inputVars name="ID" comment="Connection Identifier" isInput="true" arraySize="-1" typeName="WSTRING" withs="//@fbNetwork/@fBs.1/@interface/@eventInputs.0/@with.1">
          <value value="raw[].mqtt[tcp://130.240.5.130:1883,4diac,jobs]"/>
        </inputVars>
        <outputVars name="QO" comment="Event Output Qualifier" arraySize="-1" typeName="BOOL" withs="//@fbNetwork/@fBs.1/@interface/@eventOutputs.0/@with.0 //@fbNetwork/@fBs.1/@interface/@eventOutputs.1/@with.0">
          <outputConnections href="SysConf.xml#//@systemConfigNetwork/@devices.0/@resource.0/@fBNetwork/@dataConnections.0"/>
        </outputVars>
        <outputVars name="STATUS" comment="Service Status" arraySize="-1" typeName="WSTRING" withs="//@fbNetwork/@fBs.1/@interface/@eventOutputs.0/@with.1 //@fbNetwork/@fBs.1/@interface/@eventOutputs.1/@with.1"/>
        <outputVars name="RD_1" comment="Subscribed Data" arraySize="-1" typeName="ANY" withs="//@fbNetwork/@fBs.1/@interface/@eventOutputs.1/@with.2">
          <outputConnections href="SysConf.xml#//@systemConfigNetwork/@devices.0/@resource.0/@fBNetwork/@dataConnections.1"/>
        </outputVars>
      </interface>
      <position x="95" y="171"/>
      <resource href="SysConf.xml#//@systemConfigNetwork/@devices.0/@resource.0/@fBNetwork"/>
    </fBs>
    <fBs name="PUBLISH_1" identifier="true" id="_m3WYQCKqEei9L9QDufBBLg" fbtPath="net\PUBLISH_1.fbt">
      <interface>
        <eventInputs name="INIT" comment="Service Initialization" isInput="true">
          <with variables="//@fbNetwork/@fBs.2/@interface/@inputVars.0"/>
          <with variables="//@fbNetwork/@fBs.2/@interface/@inputVars.1"/>
          <inputConnections href="SysConf.xml#//@systemConfigNetwork/@devices.0/@resource.0/@fBNetwork/@eventConnections.5"/>
        </eventInputs>
        <eventInputs name="REQ" comment="Service Request" isInput="true">
          <with variables="//@fbNetwork/@fBs.2/@interface/@inputVars.0"/>
          <with variables="//@fbNetwork/@fBs.2/@interface/@inputVars.2"/>
          <inputConnections href="SysConf.xml#//@systemConfigNetwork/@devices.0/@resource.0/@fBNetwork/@eventConnections.6"/>
        </eventInputs>
        <eventOutputs name="INITO" comment="Initialization Confirm">
          <with variables="//@fbNetwork/@fBs.2/@interface/@outputVars.0"/>
          <with variables="//@fbNetwork/@fBs.2/@interface/@outputVars.1"/>
        </eventOutputs>
        <eventOutputs name="CNF" comment="Service Confirmation">
          <with variables="//@fbNetwork/@fBs.2/@interface/@outputVars.0"/>
          <with variables="//@fbNetwork/@fBs.2/@interface/@outputVars.1"/>
        </eventOutputs>
        <inputVars name="QI" comment="Event Input Qualifier" isInput="true" arraySize="-1" typeName="BOOL" withs="//@fbNetwork/@fBs.2/@interface/@eventInputs.0/@with.0 //@fbNetwork/@fBs.2/@interface/@eventInputs.1/@with.0">
          <value/>
          <inputConnections href="SysConf.xml#//@systemConfigNetwork/@devices.0/@resource.0/@fBNetwork/@dataConnections.6"/>
        </inputVars>
        <inputVars name="ID" comment="Connection Identifier" isInput="true" arraySize="-1" typeName="WSTRING" withs="//@fbNetwork/@fBs.2/@interface/@eventInputs.0/@with.1">
          <value value="raw[].mqtt[tcp://130.240.5.130:1883,4diac,jobs]"/>
        </inputVars>
        <inputVars name="SD_1" comment="Data to Send" isInput="true" arraySize="-1" typeName="ANY" withs="//@fbNetwork/@fBs.2/@interface/@eventInputs.1/@with.1">
          <value/>
          <inputConnections href="SysConf.xml#//@systemConfigNetwork/@devices.0/@resource.0/@fBNetwork/@dataConnections.7"/>
        </inputVars>
        <outputVars name="QO" comment="Event Output Qualifier" arraySize="-1" typeName="BOOL" withs="//@fbNetwork/@fBs.2/@interface/@eventOutputs.0/@with.0 //@fbNetwork/@fBs.2/@interface/@eventOutputs.1/@with.0"/>
        <outputVars name="STATUS" comment="Service Status" arraySize="-1" typeName="WSTRING" withs="//@fbNetwork/@fBs.2/@interface/@eventOutputs.0/@with.1 //@fbNetwork/@fBs.2/@interface/@eventOutputs.1/@with.1"/>
      </interface>
      <position x="912" y="304"/>
      <resource href="SysConf.xml#//@systemConfigNetwork/@devices.0/@resource.0/@fBNetwork"/>
    </fBs>
    <fBs name="JobNotificationInterface" identifier="true" id="_PbyQQCKrEeiWVK-HRvfToA" fbtPath="nutrunner\JobNotificationInterface.fbt">
      <interface>
        <eventInputs name="INIT" comment="Initialization Request" isInput="true">
          <with variables="//@fbNetwork/@fBs.3/@interface/@inputVars.0"/>
          <inputConnections href="SysConf.xml#//@systemConfigNetwork/@devices.0/@resource.0/@fBNetwork/@eventConnections.4"/>
        </eventInputs>
        <eventInputs name="REQ" comment="Normal Execution Request" isInput="true">
          <with variables="//@fbNetwork/@fBs.3/@interface/@inputVars.0"/>
          <with variables="//@fbNetwork/@fBs.3/@interface/@inputVars.1"/>
          <inputConnections href="SysConf.xml#//@systemConfigNetwork/@devices.0/@resource.0/@fBNetwork/@eventConnections.7"/>
        </eventInputs>
        <eventOutputs name="INITO" comment="Initialization Confirm">
          <with variables="//@fbNetwork/@fBs.3/@interface/@outputVars.0"/>
          <outputConnections href="SysConf.xml#//@systemConfigNetwork/@devices.0/@resource.0/@fBNetwork/@eventConnections.5"/>
        </eventOutputs>
        <eventOutputs name="CNF" comment="Execution Confirmation">
          <with variables="//@fbNetwork/@fBs.3/@interface/@outputVars.0"/>
          <with variables="//@fbNetwork/@fBs.3/@interface/@outputVars.1"/>
          <outputConnections href="SysConf.xml#//@systemConfigNetwork/@devices.0/@resource.0/@fBNetwork/@eventConnections.6"/>
        </eventOutputs>
        <inputVars name="QI" comment="Input event qualifier" isInput="true" arraySize="-1" typeName="BOOL" withs="//@fbNetwork/@fBs.3/@interface/@eventInputs.0/@with.0 //@fbNetwork/@fBs.3/@interface/@eventInputs.1/@with.0">
          <value/>
          <inputConnections href="SysConf.xml#//@systemConfigNetwork/@devices.0/@resource.0/@fBNetwork/@dataConnections.4"/>
        </inputVars>
        <inputVars name="NRjob" isInput="true" arraySize="-1" typeName="STRING" withs="//@fbNetwork/@fBs.3/@interface/@eventInputs.1/@with.1">
          <value/>
          <inputConnections href="SysConf.xml#//@systemConfigNetwork/@devices.0/@resource.0/@fBNetwork/@dataConnections.5"/>
        </inputVars>
        <outputVars name="QO" comment="Output event qualifier" arraySize="-1" typeName="BOOL" withs="//@fbNetwork/@fBs.3/@interface/@eventOutputs.0/@with.0 //@fbNetwork/@fBs.3/@interface/@eventOutputs.1/@with.0">
          <outputConnections href="SysConf.xml#//@systemConfigNetwork/@devices.0/@resource.0/@fBNetwork/@dataConnections.6"/>
        </outputVars>
        <outputVars name="sd_1" arraySize="-1" typeName="STRING" withs="//@fbNetwork/@fBs.3/@interface/@eventOutputs.1/@with.1">
          <outputConnections href="SysConf.xml#//@systemConfigNetwork/@devices.0/@resource.0/@fBNetwork/@dataConnections.7"/>
        </outputVars>
      </interface>
      <position x="741" y="152"/>
      <resource href="SysConf.xml#//@systemConfigNetwork/@devices.0/@resource.0/@fBNetwork"/>
    </fBs>
    <fBs name="jobServiceInterface" identifier="true" id="_PqKDcCKrEeiWVK-HRvfToA" fbtPath="nutrunner\jobServiceInterface.fbt">
      <interface>
        <eventInputs name="INIT" comment="Initialization Request" isInput="true">
          <with variables="//@fbNetwork/@fBs.4/@interface/@inputVars.0"/>
          <inputConnections href="SysConf.xml#//@systemConfigNetwork/@devices.0/@resource.0/@fBNetwork/@eventConnections.0"/>
        </eventInputs>
        <eventInputs name="REQ" comment="Normal Execution Request" isInput="true">
          <with variables="//@fbNetwork/@fBs.4/@interface/@inputVars.0"/>
          <with variables="//@fbNetwork/@fBs.4/@interface/@inputVars.1"/>
          <inputConnections href="SysConf.xml#//@systemConfigNetwork/@devices.0/@resource.0/@fBNetwork/@eventConnections.1"/>
        </eventInputs>
        <eventOutputs name="INITO" comment="Initialization Confirm">
          <with variables="//@fbNetwork/@fBs.4/@interface/@outputVars.0"/>
          <outputConnections href="SysConf.xml#//@systemConfigNetwork/@devices.0/@resource.0/@fBNetwork/@eventConnections.2"/>
        </eventOutputs>
        <eventOutputs name="CNF" comment="Execution Confirmation">
          <with variables="//@fbNetwork/@fBs.4/@interface/@outputVars.0"/>
          <with variables="//@fbNetwork/@fBs.4/@interface/@outputVars.1"/>
          <with variables="//@fbNetwork/@fBs.4/@interface/@outputVars.2"/>
          <outputConnections href="SysConf.xml#//@systemConfigNetwork/@devices.0/@resource.0/@fBNetwork/@eventConnections.3"/>
        </eventOutputs>
        <inputVars name="QI" comment="Input event qualifier" isInput="true" arraySize="-1" typeName="BOOL" withs="//@fbNetwork/@fBs.4/@interface/@eventInputs.0/@with.0 //@fbNetwork/@fBs.4/@interface/@eventInputs.1/@with.0">
          <value/>
          <inputConnections href="SysConf.xml#//@systemConfigNetwork/@devices.0/@resource.0/@fBNetwork/@dataConnections.0"/>
          <varInitialization initialValue="TRUE"/>
        </inputVars>
        <inputVars name="rd_1" isInput="true" arraySize="-1" typeName="STRING" withs="//@fbNetwork/@fBs.4/@interface/@eventInputs.1/@with.1">
          <value/>
          <inputConnections href="SysConf.xml#//@systemConfigNetwork/@devices.0/@resource.0/@fBNetwork/@dataConnections.1"/>
        </inputVars>
        <outputVars name="QO" comment="Output event qualifier" arraySize="-1" typeName="BOOL" withs="//@fbNetwork/@fBs.4/@interface/@eventOutputs.0/@with.0 //@fbNetwork/@fBs.4/@interface/@eventOutputs.1/@with.0">
          <outputConnections href="SysConf.xml#//@systemConfigNetwork/@devices.0/@resource.0/@fBNetwork/@dataConnections.3"/>
        </outputVars>
        <outputVars name="nrJob" arraySize="-1" typeName="STRING" withs="//@fbNetwork/@fBs.4/@interface/@eventOutputs.1/@with.1">
          <outputConnections href="SysConf.xml#//@systemConfigNetwork/@devices.0/@resource.0/@fBNetwork/@dataConnections.2"/>
        </outputVars>
        <outputVars name="STATUS" arraySize="-1" typeName="WSTRING" withs="//@fbNetwork/@fBs.4/@interface/@eventOutputs.1/@with.2"/>
      </interface>
      <position x="342" y="152"/>
      <resource href="SysConf.xml#//@systemConfigNetwork/@devices.0/@resource.0/@fBNetwork"/>
    </fBs>
    <application href="Nutrunner.xml#//@application.0"/>
  </fbNetwork>
</org.fordiac.ide.model.ui:UIFBNetwork>
