<?xml version="1.0" encoding="UTF-8"?>
<org.fordiac.ide.model.ui:UISystemConfiguration xmi:version="2.0" xmlns:xmi="http://www.omg.org/XMI" xmlns:xsi="http://www.w3.org/2001/XMLSchema-instance" xmlns:libraryElement="org.fordiac.ide.model.libraryElement" xmlns:org.fordiac.ide.model.ui="org.fordiac.ide.model.ui">
  <children xsi:type="org.fordiac.ide.model.ui:SegmentView" segment="//@systemConfigNetwork/@segments.0" outConnections="//@connections.0">
    <position x="551" y="228"/>
    <backgroundColor red="162" green="139" blue="221"/>
    <size width="300" height="-1"/>
  </children>
  <children xsi:type="org.fordiac.ide.model.ui:DeviceView" deviceElement="//@systemConfigNetwork/@devices.0" inConnections="//@connections.0">
    <position x="752" y="407"/>
    <backgroundColor red="59" green="230" blue="58"/>
    <interfaceElements iInterfaceElement="//@systemConfigNetwork/@devices.0/@varDeclarations.0"/>
    <resourceContainerView showContent="true">
      <resources resourceElement="//@systemConfigNetwork/@devices.0/@resource.0">
        <uIResourceDiagram resourceElement="//@systemConfigNetwork/@devices.0/@resource.0" activeNetwork="//@children.1/@resourceContainerView/@resources.0/@uIResourceDiagram/@fbNetworks.0">
          <children xsi:type="org.fordiac.ide.model.ui:FBView" fb="//@systemConfigNetwork/@devices.0/@resource.0/@fBNetwork/@fBs.0">
            <position x="2" y="2"/>
            <backgroundColor red="192" green="192" blue="192"/>
            <interfaceElements iInterfaceElement="//@systemConfigNetwork/@devices.0/@resource.0/@fBNetwork/@fBs.0/@interface/@eventOutputs.0" fbNetwork="//@systemConfigNetwork/@devices.0/@resource.0/@fBNetwork"/>
            <interfaceElements iInterfaceElement="//@systemConfigNetwork/@devices.0/@resource.0/@fBNetwork/@fBs.0/@interface/@eventOutputs.1" fbNetwork="//@systemConfigNetwork/@devices.0/@resource.0/@fBNetwork"/>
            <interfaceElements iInterfaceElement="//@systemConfigNetwork/@devices.0/@resource.0/@fBNetwork/@fBs.0/@interface/@eventOutputs.2" fbNetwork="//@systemConfigNetwork/@devices.0/@resource.0/@fBNetwork"/>
          </children>
          <children xsi:type="org.fordiac.ide.model.ui:FBView">
            <position x="532" y="171"/>
            <backgroundColor red="192" green="192" blue="192"/>
            <fb href="end2end.xml#//@fbNetwork/@fBs.0"/>
            <interfaceElements inConnections="//@children.1/@resourceContainerView/@resources.0/@uIResourceDiagram/@connections.4" fbNetwork="//@systemConfigNetwork/@devices.0/@resource.0/@fBNetwork">
              <iInterfaceElement xsi:type="libraryElement:Event" href="end2end.xml#//@fbNetwork/@fBs.0/@interface/@eventInputs.0"/>
              <applicationInterfaceElement href="end2end.xml#//@children.0/@interfaceElements.0"/>
            </interfaceElements>
            <interfaceElements inConnections="//@children.1/@resourceContainerView/@resources.0/@uIResourceDiagram/@connections.5" fbNetwork="//@systemConfigNetwork/@devices.0/@resource.0/@fBNetwork">
              <iInterfaceElement xsi:type="libraryElement:Event" href="end2end.xml#//@fbNetwork/@fBs.0/@interface/@eventInputs.1"/>
              <applicationInterfaceElement href="end2end.xml#//@children.0/@interfaceElements.1"/>
            </interfaceElements>
            <interfaceElements inConnections="//@children.1/@resourceContainerView/@resources.0/@uIResourceDiagram/@connections.8" fbNetwork="//@systemConfigNetwork/@devices.0/@resource.0/@fBNetwork">
              <iInterfaceElement xsi:type="libraryElement:VarDeclaration" href="end2end.xml#//@fbNetwork/@fBs.0/@interface/@inputVars.0"/>
              <applicationInterfaceElement href="end2end.xml#//@children.0/@interfaceElements.2"/>
            </interfaceElements>
            <interfaceElements inConnections="//@children.1/@resourceContainerView/@resources.0/@uIResourceDiagram/@connections.7" fbNetwork="//@systemConfigNetwork/@devices.0/@resource.0/@fBNetwork">
              <iInterfaceElement xsi:type="libraryElement:VarDeclaration" href="end2end.xml#//@fbNetwork/@fBs.0/@interface/@inputVars.1"/>
              <applicationInterfaceElement href="end2end.xml#//@children.0/@interfaceElements.3"/>
            </interfaceElements>
            <interfaceElements outConnections="//@children.1/@resourceContainerView/@resources.0/@uIResourceDiagram/@connections.6" fbNetwork="//@systemConfigNetwork/@devices.0/@resource.0/@fBNetwork">
              <iInterfaceElement xsi:type="libraryElement:Event" href="end2end.xml#//@fbNetwork/@fBs.0/@interface/@eventOutputs.0"/>
              <applicationInterfaceElement href="end2end.xml#//@children.0/@interfaceElements.4"/>
            </interfaceElements>
            <interfaceElements outConnections="//@children.1/@resourceContainerView/@resources.0/@uIResourceDiagram/@connections.15" fbNetwork="//@systemConfigNetwork/@devices.0/@resource.0/@fBNetwork">
              <iInterfaceElement xsi:type="libraryElement:Event" href="end2end.xml#//@fbNetwork/@fBs.0/@interface/@eventOutputs.1"/>
              <applicationInterfaceElement href="end2end.xml#//@children.0/@interfaceElements.5"/>
            </interfaceElements>
            <interfaceElements outConnections="//@children.1/@resourceContainerView/@resources.0/@uIResourceDiagram/@connections.9" fbNetwork="//@systemConfigNetwork/@devices.0/@resource.0/@fBNetwork">
              <iInterfaceElement xsi:type="libraryElement:VarDeclaration" href="end2end.xml#//@fbNetwork/@fBs.0/@interface/@outputVars.0"/>
              <applicationInterfaceElement href="end2end.xml#//@children.0/@interfaceElements.6"/>
            </interfaceElements>
            <interfaceElements outConnections="//@children.1/@resourceContainerView/@resources.0/@uIResourceDiagram/@connections.10" fbNetwork="//@systemConfigNetwork/@devices.0/@resource.0/@fBNetwork">
              <iInterfaceElement xsi:type="libraryElement:VarDeclaration" href="end2end.xml#//@fbNetwork/@fBs.0/@interface/@outputVars.1"/>
              <applicationInterfaceElement href="end2end.xml#//@children.0/@interfaceElements.7"/>
            </interfaceElements>
            <applicationFB href="end2end.xml#//@children.0"/>
          </children>
          <children xsi:type="org.fordiac.ide.model.ui:FBView">
            <position x="969" y="171"/>
            <backgroundColor red="192" green="192" blue="192"/>
            <fb href="end2end.xml#//@fbNetwork/@fBs.2"/>
            <interfaceElements inConnections="//@children.1/@resourceContainerView/@resources.0/@uIResourceDiagram/@connections.11" fbNetwork="//@systemConfigNetwork/@devices.0/@resource.0/@fBNetwork">
              <iInterfaceElement xsi:type="libraryElement:Event" href="end2end.xml#//@fbNetwork/@fBs.2/@interface/@eventInputs.0"/>
              <applicationInterfaceElement href="end2end.xml#//@children.2/@interfaceElements.0"/>
            </interfaceElements>
            <interfaceElements inConnections="//@children.1/@resourceContainerView/@resources.0/@uIResourceDiagram/@connections.12" fbNetwork="//@systemConfigNetwork/@devices.0/@resource.0/@fBNetwork">
              <iInterfaceElement xsi:type="libraryElement:Event" href="end2end.xml#//@fbNetwork/@fBs.2/@interface/@eventInputs.1"/>
              <applicationInterfaceElement href="end2end.xml#//@children.2/@interfaceElements.1"/>
            </interfaceElements>
            <interfaceElements inConnections="//@children.1/@resourceContainerView/@resources.0/@uIResourceDiagram/@connections.13" fbNetwork="//@systemConfigNetwork/@devices.0/@resource.0/@fBNetwork">
              <iInterfaceElement xsi:type="libraryElement:VarDeclaration" href="end2end.xml#//@fbNetwork/@fBs.2/@interface/@inputVars.0"/>
              <applicationInterfaceElement href="end2end.xml#//@children.2/@interfaceElements.2"/>
            </interfaceElements>
            <interfaceElements fbNetwork="//@systemConfigNetwork/@devices.0/@resource.0/@fBNetwork">
              <iInterfaceElement xsi:type="libraryElement:VarDeclaration" href="end2end.xml#//@fbNetwork/@fBs.2/@interface/@inputVars.1"/>
              <applicationInterfaceElement href="end2end.xml#//@children.2/@interfaceElements.3"/>
            </interfaceElements>
            <interfaceElements inConnections="//@children.1/@resourceContainerView/@resources.0/@uIResourceDiagram/@connections.14" fbNetwork="//@systemConfigNetwork/@devices.0/@resource.0/@fBNetwork">
              <iInterfaceElement xsi:type="libraryElement:VarDeclaration" href="end2end.xml#//@fbNetwork/@fBs.2/@interface/@inputVars.2"/>
              <applicationInterfaceElement href="end2end.xml#//@children.2/@interfaceElements.4"/>
            </interfaceElements>
            <interfaceElements fbNetwork="//@systemConfigNetwork/@devices.0/@resource.0/@fBNetwork">
              <iInterfaceElement xsi:type="libraryElement:Event" href="end2end.xml#//@fbNetwork/@fBs.2/@interface/@eventOutputs.0"/>
              <applicationInterfaceElement href="end2end.xml#//@children.2/@interfaceElements.5"/>
            </interfaceElements>
            <interfaceElements fbNetwork="//@systemConfigNetwork/@devices.0/@resource.0/@fBNetwork">
              <iInterfaceElement xsi:type="libraryElement:Event" href="end2end.xml#//@fbNetwork/@fBs.2/@interface/@eventOutputs.1"/>
              <applicationInterfaceElement href="end2end.xml#//@children.2/@interfaceElements.6"/>
            </interfaceElements>
            <interfaceElements fbNetwork="//@systemConfigNetwork/@devices.0/@resource.0/@fBNetwork">
              <iInterfaceElement xsi:type="libraryElement:VarDeclaration" href="end2end.xml#//@fbNetwork/@fBs.2/@interface/@outputVars.0"/>
              <applicationInterfaceElement href="end2end.xml#//@children.2/@interfaceElements.7"/>
            </interfaceElements>
            <interfaceElements fbNetwork="//@systemConfigNetwork/@devices.0/@resource.0/@fBNetwork">
              <iInterfaceElement xsi:type="libraryElement:VarDeclaration" href="end2end.xml#//@fbNetwork/@fBs.2/@interface/@outputVars.1"/>
              <applicationInterfaceElement href="end2end.xml#//@children.2/@interfaceElements.8"/>
            </interfaceElements>
            <applicationFB href="end2end.xml#//@children.2"/>
          </children>
          <children xsi:type="org.fordiac.ide.model.ui:FBView">
            <position x="95" y="171"/>
            <backgroundColor red="192" green="192" blue="192"/>
            <fb href="end2end.xml#//@fbNetwork/@fBs.1"/>
            <interfaceElements fbNetwork="//@systemConfigNetwork/@devices.0/@resource.0/@fBNetwork">
              <iInterfaceElement xsi:type="libraryElement:Event" href="end2end.xml#//@fbNetwork/@fBs.1/@interface/@eventInputs.0"/>
              <applicationInterfaceElement href="end2end.xml#//@children.1/@interfaceElements.0"/>
            </interfaceElements>
            <interfaceElements fbNetwork="//@systemConfigNetwork/@devices.0/@resource.0/@fBNetwork">
              <iInterfaceElement xsi:type="libraryElement:Event" href="end2end.xml#//@fbNetwork/@fBs.1/@interface/@eventInputs.1"/>
              <applicationInterfaceElement href="end2end.xml#//@children.1/@interfaceElements.1"/>
            </interfaceElements>
            <interfaceElements fbNetwork="//@systemConfigNetwork/@devices.0/@resource.0/@fBNetwork">
              <iInterfaceElement xsi:type="libraryElement:VarDeclaration" href="end2end.xml#//@fbNetwork/@fBs.1/@interface/@inputVars.0"/>
              <applicationInterfaceElement href="end2end.xml#//@children.1/@interfaceElements.2"/>
            </interfaceElements>
            <interfaceElements fbNetwork="//@systemConfigNetwork/@devices.0/@resource.0/@fBNetwork">
              <iInterfaceElement xsi:type="libraryElement:VarDeclaration" href="end2end.xml#//@fbNetwork/@fBs.1/@interface/@inputVars.1"/>
              <applicationInterfaceElement href="end2end.xml#//@children.1/@interfaceElements.3"/>
            </interfaceElements>
            <interfaceElements outConnections="//@children.1/@resourceContainerView/@resources.0/@uIResourceDiagram/@connections.0" fbNetwork="//@systemConfigNetwork/@devices.0/@resource.0/@fBNetwork">
              <iInterfaceElement xsi:type="libraryElement:Event" href="end2end.xml#//@fbNetwork/@fBs.1/@interface/@eventOutputs.0"/>
              <applicationInterfaceElement href="end2end.xml#//@children.1/@interfaceElements.4"/>
            </interfaceElements>
            <interfaceElements outConnections="//@children.1/@resourceContainerView/@resources.0/@uIResourceDiagram/@connections.1" fbNetwork="//@systemConfigNetwork/@devices.0/@resource.0/@fBNetwork">
              <iInterfaceElement xsi:type="libraryElement:Event" href="end2end.xml#//@fbNetwork/@fBs.1/@interface/@eventOutputs.1"/>
              <applicationInterfaceElement href="end2end.xml#//@children.1/@interfaceElements.5"/>
            </interfaceElements>
            <interfaceElements outConnections="//@children.1/@resourceContainerView/@resources.0/@uIResourceDiagram/@connections.2" fbNetwork="//@systemConfigNetwork/@devices.0/@resource.0/@fBNetwork">
              <iInterfaceElement xsi:type="libraryElement:VarDeclaration" href="end2end.xml#//@fbNetwork/@fBs.1/@interface/@outputVars.0"/>
              <applicationInterfaceElement href="end2end.xml#//@children.1/@interfaceElements.6"/>
            </interfaceElements>
            <interfaceElements fbNetwork="//@systemConfigNetwork/@devices.0/@resource.0/@fBNetwork">
              <iInterfaceElement xsi:type="libraryElement:VarDeclaration" href="end2end.xml#//@fbNetwork/@fBs.1/@interface/@outputVars.1"/>
              <applicationInterfaceElement href="end2end.xml#//@children.1/@interfaceElements.7"/>
            </interfaceElements>
            <interfaceElements outConnections="//@children.1/@resourceContainerView/@resources.0/@uIResourceDiagram/@connections.3" fbNetwork="//@systemConfigNetwork/@devices.0/@resource.0/@fBNetwork">
              <iInterfaceElement xsi:type="libraryElement:VarDeclaration" href="end2end.xml#//@fbNetwork/@fBs.1/@interface/@outputVars.2"/>
              <applicationInterfaceElement href="end2end.xml#//@children.1/@interfaceElements.8"/>
            </interfaceElements>
            <applicationFB href="end2end.xml#//@children.1"/>
          </children>
          <children xsi:type="org.fordiac.ide.model.ui:FBView">
            <position x="361" y="171"/>
            <backgroundColor red="192" green="192" blue="192"/>
            <fb href="end2end.xml#//@fbNetwork/@fBs.4"/>
            <interfaceElements inConnections="//@children.1/@resourceContainerView/@resources.0/@uIResourceDiagram/@connections.0" fbNetwork="//@systemConfigNetwork/@devices.0/@resource.0/@fBNetwork">
              <iInterfaceElement xsi:type="libraryElement:Event" href="end2end.xml#//@fbNetwork/@fBs.4/@interface/@eventInputs.0"/>
              <applicationInterfaceElement href="end2end.xml#//@children.4/@interfaceElements.0"/>
            </interfaceElements>
            <interfaceElements inConnections="//@children.1/@resourceContainerView/@resources.0/@uIResourceDiagram/@connections.1" fbNetwork="//@systemConfigNetwork/@devices.0/@resource.0/@fBNetwork">
              <iInterfaceElement xsi:type="libraryElement:Event" href="end2end.xml#//@fbNetwork/@fBs.4/@interface/@eventInputs.1"/>
              <applicationInterfaceElement href="end2end.xml#//@children.4/@interfaceElements.1"/>
            </interfaceElements>
            <interfaceElements inConnections="//@children.1/@resourceContainerView/@resources.0/@uIResourceDiagram/@connections.2" fbNetwork="//@systemConfigNetwork/@devices.0/@resource.0/@fBNetwork">
              <iInterfaceElement xsi:type="libraryElement:VarDeclaration" href="end2end.xml#//@fbNetwork/@fBs.4/@interface/@inputVars.0"/>
              <applicationInterfaceElement href="end2end.xml#//@children.4/@interfaceElements.2"/>
            </interfaceElements>
            <interfaceElements inConnections="//@children.1/@resourceContainerView/@resources.0/@uIResourceDiagram/@connections.3" fbNetwork="//@systemConfigNetwork/@devices.0/@resource.0/@fBNetwork">
              <iInterfaceElement xsi:type="libraryElement:VarDeclaration" href="end2end.xml#//@fbNetwork/@fBs.4/@interface/@inputVars.1"/>
              <applicationInterfaceElement href="end2end.xml#//@children.4/@interfaceElements.3"/>
            </interfaceElements>
            <interfaceElements outConnections="//@children.1/@resourceContainerView/@resources.0/@uIResourceDiagram/@connections.4" fbNetwork="//@systemConfigNetwork/@devices.0/@resource.0/@fBNetwork">
              <iInterfaceElement xsi:type="libraryElement:Event" href="end2end.xml#//@fbNetwork/@fBs.4/@interface/@eventOutputs.0"/>
              <applicationInterfaceElement href="end2end.xml#//@children.4/@interfaceElements.4"/>
            </interfaceElements>
            <interfaceElements outConnections="//@children.1/@resourceContainerView/@resources.0/@uIResourceDiagram/@connections.5" fbNetwork="//@systemConfigNetwork/@devices.0/@resource.0/@fBNetwork">
              <iInterfaceElement xsi:type="libraryElement:Event" href="end2end.xml#//@fbNetwork/@fBs.4/@interface/@eventOutputs.1"/>
              <applicationInterfaceElement href="end2end.xml#//@children.4/@interfaceElements.5"/>
            </interfaceElements>
            <interfaceElements outConnections="//@children.1/@resourceContainerView/@resources.0/@uIResourceDiagram/@connections.8" fbNetwork="//@systemConfigNetwork/@devices.0/@resource.0/@fBNetwork">
              <iInterfaceElement xsi:type="libraryElement:VarDeclaration" href="end2end.xml#//@fbNetwork/@fBs.4/@interface/@outputVars.0"/>
              <applicationInterfaceElement href="end2end.xml#//@children.4/@interfaceElements.6"/>
            </interfaceElements>
            <interfaceElements outConnections="//@children.1/@resourceContainerView/@resources.0/@uIResourceDiagram/@connections.7" fbNetwork="//@systemConfigNetwork/@devices.0/@resource.0/@fBNetwork">
              <iInterfaceElement xsi:type="libraryElement:VarDeclaration" href="end2end.xml#//@fbNetwork/@fBs.4/@interface/@outputVars.1"/>
              <applicationInterfaceElement href="end2end.xml#//@children.4/@interfaceElements.7"/>
            </interfaceElements>
            <interfaceElements fbNetwork="//@systemConfigNetwork/@devices.0/@resource.0/@fBNetwork">
              <iInterfaceElement xsi:type="libraryElement:VarDeclaration" href="end2end.xml#//@fbNetwork/@fBs.4/@interface/@outputVars.2"/>
              <applicationInterfaceElement href="end2end.xml#//@children.4/@interfaceElements.8"/>
            </interfaceElements>
            <applicationFB href="end2end.xml#//@children.4"/>
          </children>
          <children xsi:type="org.fordiac.ide.model.ui:FBView">
            <position x="785" y="193"/>
            <backgroundColor red="192" green="192" blue="192"/>
            <fb href="end2end.xml#//@fbNetwork/@fBs.3"/>
            <interfaceElements inConnections="//@children.1/@resourceContainerView/@resources.0/@uIResourceDiagram/@connections.6" fbNetwork="//@systemConfigNetwork/@devices.0/@resource.0/@fBNetwork">
              <iInterfaceElement xsi:type="libraryElement:Event" href="end2end.xml#//@fbNetwork/@fBs.3/@interface/@eventInputs.0"/>
              <applicationInterfaceElement href="end2end.xml#//@children.3/@interfaceElements.0"/>
            </interfaceElements>
            <interfaceElements inConnections="//@children.1/@resourceContainerView/@resources.0/@uIResourceDiagram/@connections.15" fbNetwork="//@systemConfigNetwork/@devices.0/@resource.0/@fBNetwork">
              <iInterfaceElement xsi:type="libraryElement:Event" href="end2end.xml#//@fbNetwork/@fBs.3/@interface/@eventInputs.1"/>
              <applicationInterfaceElement href="end2end.xml#//@children.3/@interfaceElements.1"/>
            </interfaceElements>
            <interfaceElements inConnections="//@children.1/@resourceContainerView/@resources.0/@uIResourceDiagram/@connections.9" fbNetwork="//@systemConfigNetwork/@devices.0/@resource.0/@fBNetwork">
              <iInterfaceElement xsi:type="libraryElement:VarDeclaration" href="end2end.xml#//@fbNetwork/@fBs.3/@interface/@inputVars.0"/>
              <applicationInterfaceElement href="end2end.xml#//@children.3/@interfaceElements.2"/>
            </interfaceElements>
            <interfaceElements inConnections="//@children.1/@resourceContainerView/@resources.0/@uIResourceDiagram/@connections.10" fbNetwork="//@systemConfigNetwork/@devices.0/@resource.0/@fBNetwork">
              <iInterfaceElement xsi:type="libraryElement:VarDeclaration" href="end2end.xml#//@fbNetwork/@fBs.3/@interface/@inputVars.1"/>
              <applicationInterfaceElement href="end2end.xml#//@children.3/@interfaceElements.3"/>
            </interfaceElements>
            <interfaceElements outConnections="//@children.1/@resourceContainerView/@resources.0/@uIResourceDiagram/@connections.11" fbNetwork="//@systemConfigNetwork/@devices.0/@resource.0/@fBNetwork">
              <iInterfaceElement xsi:type="libraryElement:Event" href="end2end.xml#//@fbNetwork/@fBs.3/@interface/@eventOutputs.0"/>
              <applicationInterfaceElement href="end2end.xml#//@children.3/@interfaceElements.4"/>
            </interfaceElements>
            <interfaceElements outConnections="//@children.1/@resourceContainerView/@resources.0/@uIResourceDiagram/@connections.12" fbNetwork="//@systemConfigNetwork/@devices.0/@resource.0/@fBNetwork">
              <iInterfaceElement xsi:type="libraryElement:Event" href="end2end.xml#//@fbNetwork/@fBs.3/@interface/@eventOutputs.1"/>
              <applicationInterfaceElement href="end2end.xml#//@children.3/@interfaceElements.5"/>
            </interfaceElements>
            <interfaceElements outConnections="//@children.1/@resourceContainerView/@resources.0/@uIResourceDiagram/@connections.13" fbNetwork="//@systemConfigNetwork/@devices.0/@resource.0/@fBNetwork">
              <iInterfaceElement xsi:type="libraryElement:VarDeclaration" href="end2end.xml#//@fbNetwork/@fBs.3/@interface/@outputVars.0"/>
              <applicationInterfaceElement href="end2end.xml#//@children.3/@interfaceElements.6"/>
            </interfaceElements>
            <interfaceElements outConnections="//@children.1/@resourceContainerView/@resources.0/@uIResourceDiagram/@connections.14" fbNetwork="//@systemConfigNetwork/@devices.0/@resource.0/@fBNetwork">
              <iInterfaceElement xsi:type="libraryElement:VarDeclaration" href="end2end.xml#//@fbNetwork/@fBs.3/@interface/@outputVars.1"/>
              <applicationInterfaceElement href="end2end.xml#//@children.3/@interfaceElements.7"/>
            </interfaceElements>
            <applicationFB href="end2end.xml#//@children.3"/>
          </children>
          <connections xsi:type="org.fordiac.ide.model.ui:ConnectionView" connectionElement="//@systemConfigNetwork/@devices.0/@resource.0/@fBNetwork/@eventConnections.0" source="//@children.1/@resourceContainerView/@resources.0/@uIResourceDiagram/@children.3/@interfaceElements.4" destination="//@children.1/@resourceContainerView/@resources.0/@uIResourceDiagram/@children.4/@interfaceElements.0"/>
          <connections xsi:type="org.fordiac.ide.model.ui:ConnectionView" connectionElement="//@systemConfigNetwork/@devices.0/@resource.0/@fBNetwork/@eventConnections.1" source="//@children.1/@resourceContainerView/@resources.0/@uIResourceDiagram/@children.3/@interfaceElements.5" destination="//@children.1/@resourceContainerView/@resources.0/@uIResourceDiagram/@children.4/@interfaceElements.1"/>
          <connections xsi:type="org.fordiac.ide.model.ui:ConnectionView" connectionElement="//@systemConfigNetwork/@devices.0/@resource.0/@fBNetwork/@dataConnections.0" source="//@children.1/@resourceContainerView/@resources.0/@uIResourceDiagram/@children.3/@interfaceElements.6" destination="//@children.1/@resourceContainerView/@resources.0/@uIResourceDiagram/@children.4/@interfaceElements.2"/>
          <connections xsi:type="org.fordiac.ide.model.ui:ConnectionView" connectionElement="//@systemConfigNetwork/@devices.0/@resource.0/@fBNetwork/@dataConnections.1" source="//@children.1/@resourceContainerView/@resources.0/@uIResourceDiagram/@children.3/@interfaceElements.8" destination="//@children.1/@resourceContainerView/@resources.0/@uIResourceDiagram/@children.4/@interfaceElements.3"/>
          <connections xsi:type="org.fordiac.ide.model.ui:ConnectionView" connectionElement="//@systemConfigNetwork/@devices.0/@resource.0/@fBNetwork/@eventConnections.2" source="//@children.1/@resourceContainerView/@resources.0/@uIResourceDiagram/@children.4/@interfaceElements.4" destination="//@children.1/@resourceContainerView/@resources.0/@uIResourceDiagram/@children.1/@interfaceElements.0"/>
          <connections xsi:type="org.fordiac.ide.model.ui:ConnectionView" connectionElement="//@systemConfigNetwork/@devices.0/@resource.0/@fBNetwork/@eventConnections.3" source="//@children.1/@resourceContainerView/@resources.0/@uIResourceDiagram/@children.4/@interfaceElements.5" destination="//@children.1/@resourceContainerView/@resources.0/@uIResourceDiagram/@children.1/@interfaceElements.1"/>
          <connections xsi:type="org.fordiac.ide.model.ui:ConnectionView" connectionElement="//@systemConfigNetwork/@devices.0/@resource.0/@fBNetwork/@eventConnections.4" source="//@children.1/@resourceContainerView/@resources.0/@uIResourceDiagram/@children.1/@interfaceElements.4" destination="//@children.1/@resourceContainerView/@resources.0/@uIResourceDiagram/@children.5/@interfaceElements.0"/>
          <connections xsi:type="org.fordiac.ide.model.ui:ConnectionView" connectionElement="//@systemConfigNetwork/@devices.0/@resource.0/@fBNetwork/@dataConnections.2" source="//@children.1/@resourceContainerView/@resources.0/@uIResourceDiagram/@children.4/@interfaceElements.7" destination="//@children.1/@resourceContainerView/@resources.0/@uIResourceDiagram/@children.1/@interfaceElements.3"/>
          <connections xsi:type="org.fordiac.ide.model.ui:ConnectionView" connectionElement="//@systemConfigNetwork/@devices.0/@resource.0/@fBNetwork/@dataConnections.3" source="//@children.1/@resourceContainerView/@resources.0/@uIResourceDiagram/@children.4/@interfaceElements.6" destination="//@children.1/@resourceContainerView/@resources.0/@uIResourceDiagram/@children.1/@interfaceElements.2"/>
          <connections xsi:type="org.fordiac.ide.model.ui:ConnectionView" connectionElement="//@systemConfigNetwork/@devices.0/@resource.0/@fBNetwork/@dataConnections.4" source="//@children.1/@resourceContainerView/@resources.0/@uIResourceDiagram/@children.1/@interfaceElements.6" destination="//@children.1/@resourceContainerView/@resources.0/@uIResourceDiagram/@children.5/@interfaceElements.2"/>
          <connections xsi:type="org.fordiac.ide.model.ui:ConnectionView" connectionElement="//@systemConfigNetwork/@devices.0/@resource.0/@fBNetwork/@dataConnections.5" source="//@children.1/@resourceContainerView/@resources.0/@uIResourceDiagram/@children.1/@interfaceElements.7" destination="//@children.1/@resourceContainerView/@resources.0/@uIResourceDiagram/@children.5/@interfaceElements.3"/>
          <connections xsi:type="org.fordiac.ide.model.ui:ConnectionView" connectionElement="//@systemConfigNetwork/@devices.0/@resource.0/@fBNetwork/@eventConnections.5" source="//@children.1/@resourceContainerView/@resources.0/@uIResourceDiagram/@children.5/@interfaceElements.4" destination="//@children.1/@resourceContainerView/@resources.0/@uIResourceDiagram/@children.2/@interfaceElements.0"/>
          <connections xsi:type="org.fordiac.ide.model.ui:ConnectionView" connectionElement="//@systemConfigNetwork/@devices.0/@resource.0/@fBNetwork/@eventConnections.6" source="//@children.1/@resourceContainerView/@resources.0/@uIResourceDiagram/@children.5/@interfaceElements.5" destination="//@children.1/@resourceContainerView/@resources.0/@uIResourceDiagram/@children.2/@interfaceElements.1"/>
          <connections xsi:type="org.fordiac.ide.model.ui:ConnectionView" connectionElement="//@systemConfigNetwork/@devices.0/@resource.0/@fBNetwork/@dataConnections.6" source="//@children.1/@resourceContainerView/@resources.0/@uIResourceDiagram/@children.5/@interfaceElements.6" destination="//@children.1/@resourceContainerView/@resources.0/@uIResourceDiagram/@children.2/@interfaceElements.2"/>
          <connections xsi:type="org.fordiac.ide.model.ui:ConnectionView" connectionElement="//@systemConfigNetwork/@devices.0/@resource.0/@fBNetwork/@dataConnections.7" source="//@children.1/@resourceContainerView/@resources.0/@uIResourceDiagram/@children.5/@interfaceElements.7" destination="//@children.1/@resourceContainerView/@resources.0/@uIResourceDiagram/@children.2/@interfaceElements.4"/>
          <connections xsi:type="org.fordiac.ide.model.ui:ConnectionView" connectionElement="//@systemConfigNetwork/@devices.0/@resource.0/@fBNetwork/@eventConnections.7" source="//@children.1/@resourceContainerView/@resources.0/@uIResourceDiagram/@children.1/@interfaceElements.5" destination="//@children.1/@resourceContainerView/@resources.0/@uIResourceDiagram/@children.5/@interfaceElements.1"/>
          <fbNetworks>
            <uiFBNetwork href="end2end.xml#/"/>
          </fbNetworks>
          <mappingEditorSize width="-1" height="250"/>
        </uIResourceDiagram>
      </resources>
    </resourceContainerView>
  </children>
  <connections xsi:type="org.fordiac.ide.model.ui:LinkView" source="//@children.0" link="//@systemConfigNetwork/@links.0" destination="//@children.1"/>
  <systemConfigNetwork>
    <devices name="BeagleBoneBlack" identifier="true" profile="HOLOBLOC" inConnections="//@systemConfigNetwork/@links.0" typePath="Devices\BeagleBoneBlack.dev">
      <resource name="EMB_RES" identifier="true" type="Resources\EMB_RES.res">
        <fBNetwork>
          <fBs xsi:type="libraryElement:ResourceTypeFB" name="START" identifier="true" id="_fYVVQCB2EeijYv1D5PyviA" resourceTypeFB="true" fbtPath="events\E_RESTART.fbt">
            <interface>
              <eventOutputs name="COLD" comment="Cold Restart"/>
              <eventOutputs name="WARM" comment="Warm Restart"/>
              <eventOutputs name="STOP" comment="Resource is Stopping"/>
            </interface>
            <position x="2" y="2"/>
          </fBs>
          <dataConnections>
            <source href="end2end.xml#//@fbNetwork/@fBs.1/@interface/@outputVars.0"/>
            <destination href="end2end.xml#//@fbNetwork/@fBs.4/@interface/@inputVars.0"/>
          </dataConnections>
          <dataConnections>
            <source href="end2end.xml#//@fbNetwork/@fBs.1/@interface/@outputVars.2"/>
            <destination href="end2end.xml#//@fbNetwork/@fBs.4/@interface/@inputVars.1"/>
          </dataConnections>
          <dataConnections>
            <source href="end2end.xml#//@fbNetwork/@fBs.4/@interface/@outputVars.1"/>
            <destination href="end2end.xml#//@fbNetwork/@fBs.0/@interface/@inputVars.1"/>
          </dataConnections>
          <dataConnections>
            <source href="end2end.xml#//@fbNetwork/@fBs.4/@interface/@outputVars.0"/>
            <destination href="end2end.xml#//@fbNetwork/@fBs.0/@interface/@inputVars.0"/>
          </dataConnections>
          <dataConnections>
            <source href="end2end.xml#//@fbNetwork/@fBs.0/@interface/@outputVars.0"/>
            <destination href="end2end.xml#//@fbNetwork/@fBs.3/@interface/@inputVars.0"/>
          </dataConnections>
          <dataConnections>
            <source href="end2end.xml#//@fbNetwork/@fBs.0/@interface/@outputVars.1"/>
            <destination href="end2end.xml#//@fbNetwork/@fBs.3/@interface/@inputVars.1"/>
          </dataConnections>
          <dataConnections>
            <source href="end2end.xml#//@fbNetwork/@fBs.3/@interface/@outputVars.0"/>
            <destination href="end2end.xml#//@fbNetwork/@fBs.2/@interface/@inputVars.0"/>
          </dataConnections>
          <dataConnections>
            <source href="end2end.xml#//@fbNetwork/@fBs.3/@interface/@outputVars.1"/>
            <destination href="end2end.xml#//@fbNetwork/@fBs.2/@interface/@inputVars.2"/>
          </dataConnections>
          <eventConnections>
            <source href="end2end.xml#//@fbNetwork/@fBs.1/@interface/@eventOutputs.0"/>
            <destination href="end2end.xml#//@fbNetwork/@fBs.4/@interface/@eventInputs.0"/>
          </eventConnections>
          <eventConnections>
            <source href="end2end.xml#//@fbNetwork/@fBs.1/@interface/@eventOutputs.1"/>
            <destination href="end2end.xml#//@fbNetwork/@fBs.4/@interface/@eventInputs.1"/>
          </eventConnections>
          <eventConnections>
            <source href="end2end.xml#//@fbNetwork/@fBs.4/@interface/@eventOutputs.0"/>
            <destination href="end2end.xml#//@fbNetwork/@fBs.0/@interface/@eventInputs.0"/>
          </eventConnections>
          <eventConnections>
            <source href="end2end.xml#//@fbNetwork/@fBs.4/@interface/@eventOutputs.1"/>
            <destination href="end2end.xml#//@fbNetwork/@fBs.0/@interface/@eventInputs.1"/>
          </eventConnections>
          <eventConnections>
            <source href="end2end.xml#//@fbNetwork/@fBs.0/@interface/@eventOutputs.0"/>
            <destination href="end2end.xml#//@fbNetwork/@fBs.3/@interface/@eventInputs.0"/>
          </eventConnections>
          <eventConnections>
            <source href="end2end.xml#//@fbNetwork/@fBs.3/@interface/@eventOutputs.0"/>
            <destination href="end2end.xml#//@fbNetwork/@fBs.2/@interface/@eventInputs.0"/>
          </eventConnections>
          <eventConnections>
            <source href="end2end.xml#//@fbNetwork/@fBs.3/@interface/@eventOutputs.1"/>
            <destination href="end2end.xml#//@fbNetwork/@fBs.2/@interface/@eventInputs.1"/>
          </eventConnections>
          <eventConnections>
            <source href="end2end.xml#//@fbNetwork/@fBs.0/@interface/@eventOutputs.1"/>
            <destination href="end2end.xml#//@fbNetwork/@fBs.3/@interface/@eventInputs.1"/>
          </eventConnections>
          <mappedFBs href="end2end.xml#//@fbNetwork/@fBs.0"/>
          <mappedFBs href="end2end.xml#//@fbNetwork/@fBs.2"/>
          <mappedFBs href="end2end.xml#//@fbNetwork/@fBs.1"/>
          <mappedFBs href="end2end.xml#//@fbNetwork/@fBs.4"/>
          <mappedFBs href="end2end.xml#//@fbNetwork/@fBs.3"/>
        </fBNetwork>
      </resource>
      <varDeclarations name="MGR_ID" comment="Device manager socket ID" isInput="true" arraySize="-1" typeName="WSTRING">
        <value value="&quot;192.168.7.2:61499&quot;"/>
        <varInitialization initialValue="&quot;localhost:61499&quot;"/>
      </varDeclarations>
    </devices>
    <segments name="Ethernet" outConnections="//@systemConfigNetwork/@links.0" typePath="Segments\Ethernet.seg">
      <varDeclarations name="Param" comment="Param" isInput="true" arraySize="-1" typeName="WSTRING"/>
    </segments>
    <links segment="//@systemConfigNetwork/@segments.0" device="//@systemConfigNetwork/@devices.0"/>
  </systemConfigNetwork>
</org.fordiac.ide.model.ui:UISystemConfiguration>
